,np.tanh(std_delta_len),instruction_difficulty,not_gamed_baseline.astype(float)
Llama-3-1B-OnlineDPO,-1.7162584244063046,0.7064636823466761,-4.2922547320390203
Llama-3-1B-OfflineDPO,-1.7542680290478416,0.6646012577628181,-3.6008254750981226
Llama-3-1B-OfflineSFT,-1.3887232093012758,0.6138373435607357,-3.8330103625639551
